iter	Logloss
0	0.3202628601
1	0.1758265234
