iter	RMSE
0	3503.77147
1	2837.311451
